,SalesPrice,SaleDate,Location
0,13532.0,2013-09-27,"MINNEAPOLIS, MN"
1,13532.0,2013-09-27,"MINNEAPOLIS, MN"
2,12632.0,2013-09-27,"MINNEAPOLIS, MN"
3,9482.0,2019-04-18,"STATESBORO, GA"
4,18032.0,2016-10-06,"CHICAGO, IL"
5,21632.0,2016-10-06,"CHICAGO, IL"
6,19832.0,2016-10-06,"CHICAGO, IL"
7,19832.0,2016-10-06,"CHICAGO, IL"
8,23432.0,2016-10-06,"CHICAGO, IL"
9,14432.0,2016-10-27,"SEALY, TX"
10,14432.0,2016-10-27,"SEALY, TX"
11,10832.0,2016-10-27,"SEALY, TX"
12,10832.0,2016-10-27,"SEALY, TX"
13,12992.0,2016-11-09,"PLEASANTON, CA"
14,17582.0,2016-11-09,"PLEASANTON, CA"
15,17132.0,2016-12-06,"RICHMOND, VA"
16,11732.0,2016-12-09,"PENDLETON, IN"
17,15332.0,2016-12-14,"PLEASANTON, CA"
18,17132.0,2016-12-14,"PLEASANTON, CA"
19,16232.0,2016-12-14,"PLEASANTON, CA"
20,23432.0,2016-12-20,"MINNEAPOLIS, MN"
21,30632.0,2016-06-21,"SALT LAKE CITY, UT"
22,25232.0,2016-11-16,"PHILADELPHIA, MS"
23,15332.0,2017-01-24,"RICHMOND, VA"
24,65732.0,2017-02-11,"KISSIMMEE, FL"
25,36032.0,2017-02-22,"STUTTGART, AR"
26,34232.0,2016-02-19,"ORLANDO, FL"
27,18932.0,2016-02-10,"HOUSTON, TX"
28,15332.0,2016-11-02,"LONOKE, AR"
29,16232.0,2016-11-02,"LONOKE, AR"
30,15332.0,2016-11-02,"LONOKE, AR"
31,13082.0,2016-11-02,"LONOKE, AR"
32,13532.0,2016-11-09,"HOUSTON, TX"
33,14432.0,2016-11-09,"HOUSTON, TX"
34,10832.0,2016-11-09,"HOUSTON, TX"
35,19832.0,2016-11-09,"HOUSTON, TX"
36,14432.0,2016-11-09,"HOUSTON, TX"
37,24332.0,2016-11-09,"HOUSTON, TX"
38,27032.0,2016-11-09,"HOUSTON, TX"
39,14432.0,2016-11-09,"HOUSTON, TX"
40,29732.0,2016-11-09,"HOUSTON, TX"
41,21632.0,2016-11-09,"HOUSTON, TX"
42,14432.0,2016-11-09,"HOUSTON, TX"
43,18032.0,2016-11-09,"HOUSTON, TX"
44,17132.0,2016-11-09,"HOUSTON, TX"
45,12632.0,2016-11-09,"HOUSTON, TX"
46,17132.0,2016-11-09,"HOUSTON, TX"
47,12182.0,2016-11-02,"LONOKE, AR"
48,15332.0,2016-11-02,"LONOKE, AR"
49,15332.0,2016-11-02,"LONOKE, AR"
50,28832.0,2016-11-02,"PLEASANTON, CA"
51,14432.0,2016-11-16,"PHILADELPHIA, MS"
52,11282.0,2016-11-16,"PHILADELPHIA, MS"
53,11282.0,2016-11-16,"PHILADELPHIA, MS"
54,18932.0,2016-11-16,"PHILADELPHIA, MS"
55,18932.0,2016-10-12,"PLEASANTON, CA"
56,11282.0,2016-09-20,"MONTGOMERY, AL"
57,14432.0,2016-09-20,"MONTGOMERY, AL"
58,18032.0,2016-09-20,"MONTGOMERY, AL"
59,11732.0,2016-09-28,"COLUMBUS, OH"
60,18932.0,2016-09-17,"PRINCETON, MN"
61,25232.0,2016-11-09,"HOUSTON, TX"
62,19832.0,2016-11-09,"HOUSTON, TX"
63,10832.0,2016-11-02,"LONOKE, AR"
64,15332.0,2016-12-01,"PLEASANTON, CA"
65,12182.0,2016-12-02,"FOLEY, MN"
66,16232.0,2016-12-08,"LONOKE, AR"
67,14432.0,2016-08-18,"WILLISTON, ND"
68,14432.0,2016-08-18,"WILLISTON, ND"
69,10832.0,2016-08-18,"WILLISTON, ND"
70,18482.0,2016-08-31,"PLEASANTON, CA"
71,18032.0,2016-09-21,"FORT WORTH, TX"
72,13532.0,2016-09-21,"FORT WORTH, TX"
73,12632.0,2016-09-21,"FORT WORTH, TX"
74,10832.0,2016-08-05,"NORTH FRANKLIN, CT"
75,9032.0,2016-09-14,"PHILADELPHIA, MS"
76,29732.0,2016-09-16,"PENDLETON, IN"
77,14432.0,2016-07-14,"SEALY, TX"
78,14432.0,2016-06-23,"CISCO, TX"
79,20732.0,2016-05-13,"BROOKLYN, MS"
80,23432.0,2016-05-10,"RICHMOND, VA"
81,23432.0,2016-05-03,"PLEASANTON, CA"
82,27932.0,2016-05-03,"PLEASANTON, CA"
83,16232.0,2016-05-11,"PLEASANTON, CA"
84,30632.0,2016-05-11,"PLEASANTON, CA"
85,18932.0,2016-05-24,"PLEASANTON, CA"
86,17132.0,2016-05-25,"ORLANDO, FL"
87,15332.0,2016-03-24,"PLEASANTON, CA"
88,19832.0,2016-06-07,"MONTGOMERY, AL"
89,23432.0,2016-06-07,"MONTGOMERY, AL"
90,18032.0,2016-06-09,"NASHVILLE, TN"
91,18932.0,2016-06-10,"FOLEY, MN"
92,12182.0,2016-06-10,"FOLEY, MN"
93,17132.0,2016-08-24,"HOUSTON, TX"
94,22532.0,2016-06-08,"DENVER, CO"
95,21632.0,2016-06-08,"DENVER, CO"
96,31532.0,2016-07-20,"FORT WORTH, TX"
97,9932.0,2016-06-22,"PLEASANTON, CA"
98,19832.0,2016-06-21,"RICHMOND, VA"
99,16232.0,2016-07-20,"PLEASANTON, CA"
100,17132.0,2016-07-20,"PLEASANTON, CA"
101,27032.0,2016-07-20,"PLEASANTON, CA"
102,27032.0,2016-07-28,"CHICAGO, IL"
103,31532.0,2016-08-24,"HOUSTON, TX"
104,31532.0,2016-08-24,"HOUSTON, TX"
105,31532.0,2016-08-24,"HOUSTON, TX"
106,25232.0,2016-08-24,"HOUSTON, TX"
107,16232.0,2016-08-24,"HOUSTON, TX"
108,18032.0,2016-08-24,"HOUSTON, TX"
109,18032.0,2016-08-24,"HOUSTON, TX"
110,18032.0,2016-08-24,"HOUSTON, TX"
111,17132.0,2016-08-24,"HOUSTON, TX"
112,21632.0,2016-08-24,"HOUSTON, TX"
113,23432.0,2016-08-24,"HOUSTON, TX"
114,25232.0,2016-08-24,"HOUSTON, TX"
115,15332.0,2016-08-24,"HOUSTON, TX"
116,17132.0,2016-08-24,"HOUSTON, TX"
117,21632.0,2016-08-24,"HOUSTON, TX"
118,12632.0,2016-08-24,"HOUSTON, TX"
119,21632.0,2016-05-25,"ORLANDO, FL"
120,15332.0,2016-05-25,"ORLANDO, FL"
121,23432.0,2016-05-26,"CHICAGO, IL"
122,41432.0,2016-01-28,"DOTHAN, AL"
123,28832.0,2016-01-28,"DOTHAN, AL"
124,19832.0,2016-01-28,"DOTHAN, AL"
125,11282.0,2016-05-25,"PHILADELPHIA, MS"
126,13532.0,2016-05-25,"ORLANDO, FL"
127,14432.0,2016-08-18,"WILLS POINT, TX"
128,13532.0,2016-08-18,"COLUMBUS, OH"
129,26132.0,2016-05-24,"PLEASANTON, CA"
130,27032.0,2016-05-25,"PHILADELPHIA, MS"
131,27032.0,2016-05-25,"PHILADELPHIA, MS"
132,16232.0,2016-06-22,"HOUSTON, TX"
133,21632.0,2008-12-16,"NORTH EAST, MD"
134,13532.0,2016-06-15,"LONOKE, AR"
135,17132.0,2016-06-15,"LONOKE, AR"
136,13532.0,2016-06-17,"MINNEAPOLIS, MN"
137,11732.0,2016-06-17,"MINNEAPOLIS, MN"
138,9482.0,2016-08-03,"PLEASANTON, CA"
139,9482.0,2016-08-03,"PLEASANTON, CA"
140,43232.0,2016-02-19,"ORLANDO, FL"
141,43232.0,2016-02-19,"ORLANDO, FL"
142,31532.0,2016-08-03,"PLEASANTON, CA"
143,28832.0,2016-06-22,"HOUSTON, TX"
144,18932.0,2016-06-22,"HOUSTON, TX"
145,25232.0,2016-06-22,"HOUSTON, TX"
146,25232.0,2016-06-22,"HOUSTON, TX"
147,25232.0,2016-06-22,"HOUSTON, TX"
148,27032.0,2016-06-22,"HOUSTON, TX"
149,22532.0,2016-06-22,"HOUSTON, TX"
150,22532.0,2016-06-22,"HOUSTON, TX"
151,18932.0,2016-06-22,"HOUSTON, TX"
152,14432.0,2016-06-22,"HOUSTON, TX"
153,18032.0,2016-06-22,"HOUSTON, TX"
154,18032.0,2016-06-22,"HOUSTON, TX"
155,24332.0,2016-02-15,"KISSIMMEE, FL"
156,46832.0,2016-02-15,"KISSIMMEE, FL"
157,23432.0,2016-02-19,"ORLANDO, FL"
158,24332.0,2016-02-10,"HOUSTON, TX"
159,24332.0,2016-02-10,"HOUSTON, TX"
160,24332.0,2016-02-10,"HOUSTON, TX"
161,24332.0,2016-02-10,"HOUSTON, TX"
162,24332.0,2016-02-10,"HOUSTON, TX"
163,24332.0,2016-02-10,"HOUSTON, TX"
164,24332.0,2016-02-10,"HOUSTON, TX"
165,30632.0,2016-02-10,"HOUSTON, TX"
166,30632.0,2016-02-10,"HOUSTON, TX"
167,22532.0,2016-02-10,"HOUSTON, TX"
168,22532.0,2016-02-10,"HOUSTON, TX"
169,22532.0,2016-02-10,"HOUSTON, TX"
170,27032.0,2016-02-10,"HOUSTON, TX"
171,29732.0,2016-02-10,"HOUSTON, TX"
172,30632.0,2016-02-10,"HOUSTON, TX"
173,33332.0,2016-02-10,"HOUSTON, TX"
174,27032.0,2016-02-10,"HOUSTON, TX"
175,18032.0,2016-02-10,"HOUSTON, TX"
176,15332.0,2016-06-15,"PLEASANTON, CA"
177,25232.0,2016-03-15,"MONTGOMERY, AL"
178,18032.0,2016-03-15,"MONTGOMERY, AL"
179,36032.0,2016-03-17,"DENVER, CO"
180,45032.0,2016-04-14,"PHOENIX, AZ"
181,30632.0,2016-04-20,"HOUSTON, TX"
182,25232.0,2016-04-20,"HOUSTON, TX"
183,23432.0,2016-04-20,"HOUSTON, TX"
184,23432.0,2016-04-20,"HOUSTON, TX"
185,37832.0,2016-04-20,"HOUSTON, TX"
186,27032.0,2016-04-20,"HOUSTON, TX"
187,18032.0,2016-04-20,"HOUSTON, TX"
188,27032.0,2016-04-13,"PLEASANTON, CA"
189,22532.0,2016-04-13,"PLEASANTON, CA"
190,32432.0,2016-03-18,"CHICAGO, IL"
191,180032.0,2016-04-27,"WILLS POINT, TX"
192,34232.0,2016-04-27,"WILLS POINT, TX"
193,28832.0,2016-03-17,"DENVER, CO"
194,22532.0,2016-01-23,"IRON CITY, GA"
195,21632.0,2016-02-10,"HOUSTON, TX"
196,14432.0,2015-11-18,"PLEASANTON, CA"
197,39632.0,2015-12-02,"FORT WORTH, TX"
198,23432.0,2015-12-02,"FORT WORTH, TX"
199,34232.0,2015-12-02,"MONTGOMERY, AL"
200,21182.0,2015-10-28,"LONOKE, AR"
201,35132.0,2015-12-02,"MONTGOMERY, AL"
202,29732.0,2016-01-20,"PLEASANTON, CA"
203,20732.0,2015-12-02,"MONTGOMERY, AL"
204,25232.0,2015-12-02,"MONTGOMERY, AL"
205,17132.0,2015-12-10,"LONOKE, AR"
206,15332.0,2016-08-24,"LONOKE, AR"
207,13532.0,2016-08-24,"LONOKE, AR"
208,18482.0,2016-09-14,"PHILADELPHIA, MS"
209,31532.0,2015-11-11,"HOUSTON, TX"
210,23432.0,2015-11-11,"HOUSTON, TX"
211,23432.0,2015-11-11,"HOUSTON, TX"
212,17132.0,2015-11-11,"HOUSTON, TX"
213,20732.0,2015-11-11,"HOUSTON, TX"
214,17132.0,2015-11-11,"HOUSTON, TX"
215,15332.0,2015-11-11,"HOUSTON, TX"
216,12632.0,2015-11-11,"HOUSTON, TX"
217,15332.0,2015-11-11,"HOUSTON, TX"
218,18032.0,2015-11-11,"HOUSTON, TX"
219,39632.0,2015-11-11,"HOUSTON, TX"
220,26132.0,2015-08-26,"HOUSTON, TX"
221,37832.0,2015-08-26,"HOUSTON, TX"
222,21632.0,2015-08-26,"HOUSTON, TX"
223,32432.0,2015-08-26,"HOUSTON, TX"
224,24332.0,2015-08-26,"HOUSTON, TX"
225,28832.0,2015-08-26,"HOUSTON, TX"
226,15332.0,2015-08-25,"RICHMOND, VA"
227,13532.0,2015-09-02,"PHOENIX, AZ"
228,45932.0,2015-09-02,"MONTGOMERY, AL"
229,15332.0,2015-09-02,"PLEASANTON, CA"
230,37832.0,2015-09-02,"PLEASANTON, CA"
231,68432.0,2015-09-02,"MONTGOMERY, AL"
232,18032.0,2015-09-18,"MINNEAPOLIS, MN"
233,25232.0,2015-09-23,"FORT WORTH, TX"
234,14432.0,2015-09-22,"PLEASANTON, CA"
235,26132.0,2015-09-22,"PLEASANTON, CA"
236,38732.0,2015-09-22,"PLEASANTON, CA"
237,18032.0,2015-09-29,"PLEASANTON, CA"
238,18032.0,2015-09-29,"PLEASANTON, CA"
239,18032.0,2015-10-08,"DENVER, CO"
240,37832.0,2015-11-11,"HOUSTON, TX"
241,34232.0,2015-11-11,"HOUSTON, TX"
242,29732.0,2015-11-11,"HOUSTON, TX"
243,23432.0,2015-11-11,"HOUSTON, TX"
244,25232.0,2015-11-11,"HOUSTON, TX"
245,23432.0,2015-11-11,"HOUSTON, TX"
246,19832.0,2015-08-26,"LONOKE, AR"
247,21632.0,2015-09-02,"MUSKOGEE, OK"
248,17132.0,2015-09-02,"MONTGOMERY, AL"
249,39632.0,2015-08-11,"PLEASANTON, CA"
250,39632.0,2015-08-11,"PLEASANTON, CA"
251,17132.0,2015-08-11,"PLEASANTON, CA"
252,18032.0,2015-08-19,"PLEASANTON, CA"
253,25232.0,2015-08-27,"NORTH EAST, MD"
254,34232.0,2015-08-26,"HOUSTON, TX"
255,23432.0,2015-08-26,"HOUSTON, TX"
256,45032.0,2015-08-26,"HOUSTON, TX"
257,27032.0,2015-08-26,"HOUSTON, TX"
258,32432.0,2015-08-26,"HOUSTON, TX"
259,27932.0,2015-08-26,"HOUSTON, TX"
260,36032.0,2015-08-26,"HOUSTON, TX"
261,30632.0,2015-08-26,"HOUSTON, TX"
262,43232.0,2015-08-26,"HOUSTON, TX"
263,27032.0,2015-08-26,"HOUSTON, TX"
264,32432.0,2015-08-26,"HOUSTON, TX"
265,24332.0,2015-08-26,"HOUSTON, TX"
266,24332.0,2015-08-26,"HOUSTON, TX"
267,32432.0,2015-08-26,"HOUSTON, TX"
268,14432.0,2015-10-20,"RICHMOND, VA"
269,32432.0,2015-10-21,"PLEASANTON, CA"
270,25232.0,2015-10-22,"ORLANDO, FL"
271,16916.0,2015-10-14,"PELZER, SC"
272,27932.0,2015-10-14,"PELZER, SC"
273,63032.0,2015-06-03,"MONTGOMERY, AL"
274,54032.0,2015-06-03,"MONTGOMERY, AL"
275,18932.0,2015-06-24,"HOUSTON, TX"
276,31532.0,2015-06-24,"HOUSTON, TX"
277,55832.0,2015-06-24,"HOUSTON, TX"
278,27932.0,2015-06-24,"HOUSTON, TX"
279,35132.0,2015-06-24,"HOUSTON, TX"
280,36032.0,2015-06-24,"HOUSTON, TX"
281,24332.0,2015-06-24,"HOUSTON, TX"
282,31532.0,2016-08-24,"HOUSTON, TX"
283,20732.0,2015-03-04,"FORT WORTH, TX"
284,20732.0,2015-03-04,"FORT WORTH, TX"
285,20732.0,2015-03-04,"FORT WORTH, TX"
286,20732.0,2015-03-04,"FORT WORTH, TX"
287,18932.0,2015-03-04,"FORT WORTH, TX"
288,27032.0,2015-02-26,"PHOENIX, AZ"
289,81032.0,2015-03-10,"MONTGOMERY, AL"
290,81032.0,2015-03-10,"MONTGOMERY, AL"
291,26132.0,2016-02-10,"HOUSTON, TX"
292,45032.0,2015-06-03,"MONTGOMERY, AL"
293,34232.0,2015-06-24,"HOUSTON, TX"
294,34232.0,2015-06-24,"HOUSTON, TX"
295,31532.0,2016-06-07,"MONTGOMERY, AL"
296,15332.0,2016-06-07,"MONTGOMERY, AL"
297,12632.0,2016-06-10,"LAS VEGAS, NV"
298,24332.0,2016-06-08,"DENVER, CO"
299,18032.0,2016-08-24,"HOUSTON, TX"
300,17132.0,2016-08-24,"HOUSTON, TX"
301,22532.0,2015-04-14,"ALBUQUERQUE, NM"
302,12632.0,2016-06-15,"LONOKE, AR"
303,19832.0,2016-06-15,"LONOKE, AR"
304,18032.0,2016-08-24,"HOUSTON, TX"
305,18032.0,2016-08-24,"HOUSTON, TX"
306,68432.0,2014-12-03,"PLEASANTON, CA"
307,68432.0,2014-12-03,"PLEASANTON, CA"
308,22532.0,2014-12-09,"MINNEAPOLIS, MN"
309,39632.0,2014-12-10,"PLEASANTON, CA"
310,32432.0,2014-11-12,"HOUSTON, TX"
311,32432.0,2014-11-12,"HOUSTON, TX"
312,27032.0,2014-11-12,"HOUSTON, TX"
313,38732.0,2014-11-14,"PANAMA CITY, PN"
314,31532.0,2014-11-13,"HAZLEHURST, GA"
315,19832.0,2014-11-18,"PHOENIX, AZ"
316,21632.0,2014-11-19,"PHILADELPHIA, MS"
317,27032.0,2014-12-03,"FORT WORTH, TX"
318,34232.0,2014-12-03,"FORT WORTH, TX"
319,13082.0,2014-12-03,"MONTGOMERY, AL"
320,29732.0,2014-12-11,"LONOKE, AR"
321,45032.0,2014-12-17,"PLEASANTON, CA"
322,39632.0,2015-02-20,"ORLANDO, FL"
323,37832.0,2015-02-20,"ORLANDO, FL"
324,10832.0,2016-11-02,"LONOKE, AR"
325,34232.0,2015-06-24,"HOUSTON, TX"
326,14432.0,2012-12-12,"DUNBAR, PA"
327,58532.0,2012-12-13,"KANSAS CITY, MO"
328,58532.0,2012-12-13,"KANSAS CITY, MO"
329,36032.0,2012-12-14,"MINNEAPOLIS, MN"
330,18032.0,2012-12-13,"PLEASANTON, CA"
331,18032.0,2012-12-13,"PLEASANTON, CA"
332,19832.0,2012-12-13,"PLEASANTON, CA"
333,21632.0,2012-12-13,"PLEASANTON, CA"
334,22532.0,2012-12-13,"PLEASANTON, CA"
335,24332.0,2012-12-13,"PLEASANTON, CA"
336,26132.0,2012-12-13,"PLEASANTON, CA"
337,38732.0,2012-12-13,"PLEASANTON, CA"
338,32432.0,2013-01-10,"PLEASANTON, CA"
339,10832.0,2013-11-20,"HOUSTON, TX"
340,22532.0,2008-09-18,"PHILADELPHIA, MS"
341,28832.0,2008-08-27,"LOS ANGELES, CA"
342,27032.0,2008-09-16,"OLYMPIA, WA"
343,103532.0,2008-09-24,"PELZER, SC"
344,27032.0,2007-12-12,"LITTLE ROCK, AR"
345,10832.0,2015-12-02,"MONTGOMERY, AL"
346,27032.0,2015-11-07,"SOMERSET, PA"
347,27032.0,2016-04-09,"DOTHAN, AL"
348,16232.0,2011-12-16,"NORTH FRANKLIN, CT"
349,39632.0,2012-01-12,"HAZLEHURST, GA"
350,34232.0,2013-02-23,"ORLANDO, FL"
351,34232.0,2013-02-23,"ORLANDO, FL"
352,14882.0,2015-12-02,"MONTGOMERY, AL"
353,36032.0,2013-02-09,"KISSIMMEE, FL"
354,32432.0,2013-02-09,"KISSIMMEE, FL"
355,39632.0,2012-01-27,"LAS VEGAS, NV"
356,34232.0,2012-01-27,"LAS VEGAS, NV"
357,39632.0,2012-01-27,"LAS VEGAS, NV"
358,25232.0,2012-02-08,"HOUSTON, TX"
359,39632.0,2012-02-08,"HOUSTON, TX"
360,39632.0,2012-02-08,"HOUSTON, TX"
361,39632.0,2012-02-08,"HOUSTON, TX"
362,36482.0,2012-01-18,"PELZER, SC"
363,34682.0,2012-01-18,"PELZER, SC"
364,39182.0,2012-01-18,"PELZER, SC"
365,39182.0,2012-01-18,"PELZER, SC"
366,30632.0,2012-02-08,"HOUSTON, TX"
367,30632.0,2012-02-02,"LONOKE, AR"
368,14882.0,2012-02-02,"LONOKE, AR"
369,22712.0,2012-02-02,"LONOKE, AR"
370,26132.0,2012-02-02,"LONOKE, AR"
371,26132.0,2012-04-11,"HOUSTON, TX"
372,31532.0,2012-04-11,"HOUSTON, TX"
373,22532.0,2012-04-11,"HOUSTON, TX"
374,23432.0,2012-04-11,"HOUSTON, TX"
375,30632.0,2012-04-11,"HOUSTON, TX"
376,29732.0,2012-04-11,"HOUSTON, TX"
377,15332.0,2012-04-11,"HOUSTON, TX"
378,36032.0,2012-05-08,"FORT WORTH, TX"
379,29732.0,2012-05-08,"FORT WORTH, TX"
380,29732.0,2012-05-08,"FORT WORTH, TX"
381,30632.0,2012-05-08,"FORT WORTH, TX"
382,27032.0,2012-05-08,"FORT WORTH, TX"
383,27032.0,2012-05-08,"FORT WORTH, TX"
384,30632.0,2012-05-08,"FORT WORTH, TX"
385,22532.0,2012-05-08,"FORT WORTH, TX"
386,21632.0,2012-05-08,"FORT WORTH, TX"
387,27032.0,2012-05-08,"FORT WORTH, TX"
388,12608.6,2012-10-30,"CALGARY, AB"
389,28832.0,2015-06-24,"HOUSTON, TX"
390,33332.0,2015-06-24,"HOUSTON, TX"
391,30632.0,2015-06-24,"HOUSTON, TX"
392,33332.0,2015-06-24,"HOUSTON, TX"
393,30632.0,2015-06-24,"HOUSTON, TX"
394,34232.0,2015-06-24,"HOUSTON, TX"
395,14432.0,2008-12-16,"NORTH EAST, MD"
396,15202.4,2008-09-09,"CALGARY, AB"
397,30632.0,2011-05-05,"WILLS POINT, TX"
398,32432.0,2011-04-28,"LUMBERTON, NC"
399,45032.0,2011-04-13,"HOUSTON, TX"
400,41432.0,2011-05-11,"FORT WORTH, TX"
401,16466.0,2008-09-09,"CALGARY, AB"
402,31532.0,2011-08-11,"HAZLEHURST, GA"
403,23432.0,2013-03-05,"FORT WORTH, TX"
404,24332.0,2013-03-05,"FORT WORTH, TX"
405,21632.0,2013-03-05,"FORT WORTH, TX"
406,31532.0,2013-03-05,"FORT WORTH, TX"
407,26132.0,2013-03-05,"FORT WORTH, TX"
408,28832.0,2013-03-05,"FORT WORTH, TX"
409,30632.0,2013-03-05,"FORT WORTH, TX"
410,13532.0,2013-09-25,"FORT WORTH, TX"
411,46832.0,2011-05-11,"FORT WORTH, TX"
412,48632.0,2011-05-11,"FORT WORTH, TX"
413,46832.0,2011-05-11,"FORT WORTH, TX"
414,43232.0,2011-05-11,"FORT WORTH, TX"
415,23432.0,2011-05-11,"FORT WORTH, TX"
416,28832.0,2011-04-19,"SALT LAKE CITY, UT"
417,28832.0,2011-04-19,"SALT LAKE CITY, UT"
418,34232.0,2011-04-29,"PHOENIX, AZ"
419,21632.0,2011-04-29,"PHOENIX, AZ"
420,36032.0,2011-05-11,"MUSKOGEE, OK"
421,18032.0,2011-05-19,"BOZEMAN, MT"
422,9032.0,2011-05-24,"SACRAMENTO, CA"
423,45032.0,2011-06-07,"NORTH EAST, MD"
424,48632.0,2011-05-11,"FORT WORTH, TX"
425,46832.0,2011-05-11,"FORT WORTH, TX"
426,46832.0,2011-05-11,"FORT WORTH, TX"
427,48632.0,2011-05-11,"FORT WORTH, TX"
428,46832.0,2011-05-11,"FORT WORTH, TX"
429,46832.0,2011-05-11,"FORT WORTH, TX"
430,46832.0,2011-05-11,"FORT WORTH, TX"
431,46832.0,2011-05-11,"FORT WORTH, TX"
432,46832.0,2011-05-11,"FORT WORTH, TX"
433,46832.0,2011-05-11,"FORT WORTH, TX"
434,46832.0,2011-05-11,"FORT WORTH, TX"
435,48632.0,2011-05-11,"FORT WORTH, TX"
436,48632.0,2011-05-11,"FORT WORTH, TX"
437,48632.0,2011-05-11,"FORT WORTH, TX"
438,48632.0,2011-05-11,"FORT WORTH, TX"
439,45032.0,2011-05-11,"FORT WORTH, TX"
440,46832.0,2011-05-11,"FORT WORTH, TX"
441,45032.0,2011-05-11,"FORT WORTH, TX"
442,39632.0,2011-05-11,"FORT WORTH, TX"
443,36032.0,2011-05-11,"FORT WORTH, TX"
444,39632.0,2011-05-11,"FORT WORTH, TX"
445,48632.0,2011-05-11,"FORT WORTH, TX"
446,48632.0,2011-05-11,"FORT WORTH, TX"
447,19832.0,2015-06-24,"HOUSTON, TX"
448,27932.0,2015-07-15,"PHILADELPHIA, MS"
449,34232.0,2015-07-15,"PHILADELPHIA, MS"
450,23432.0,2012-09-13,"COLUMBUS, OH"
451,22532.0,2012-09-14,"DENVER, CO"
452,28832.0,2012-09-15,"PRINCETON, MN"
453,23432.0,2015-09-02,"PHOENIX, AZ"
454,27032.0,2015-09-22,"PLEASANTON, CA"
455,27032.0,2012-09-25,"FORT WORTH, TX"
456,25232.0,2012-09-25,"FORT WORTH, TX"
457,18932.0,2012-09-25,"FORT WORTH, TX"
458,28832.0,2012-09-25,"FORT WORTH, TX"
459,23432.0,2012-09-25,"FORT WORTH, TX"
460,49532.0,2012-09-24,"MINNEAPOLIS, MN"
461,22532.0,2012-09-24,"MINNEAPOLIS, MN"
462,23432.0,2012-09-24,"MINNEAPOLIS, MN"
463,24332.0,2012-09-27,"PLEASANTON, CA"
464,25232.0,2012-09-27,"PLEASANTON, CA"
465,27032.0,2012-09-27,"PLEASANTON, CA"
466,21632.0,2008-06-05,"HOUSTON, TX"
467,72032.0,2008-05-29,"SALT LAKE CITY, UT"
468,72032.0,2008-05-29,"SALT LAKE CITY, UT"
469,30632.0,2008-05-29,"SALT LAKE CITY, UT"
470,26132.0,2008-06-17,"OLYMPIA, WA"
471,48632.0,2005-11-15,"ATLANTA, GA"
472,34232.0,2010-07-21,"PHILADELPHIA, MS"
473,73832.0,2010-09-16,"LOS ANGELES, CA"
474,31532.0,2012-12-29,"CORDELE, GA"
475,34232.0,2015-09-29,"ST. LOUIS, MO"
476,41432.0,2010-09-28,"SACRAMENTO, CA"
477,34232.0,2010-09-28,"SACRAMENTO, CA"
478,30632.0,2010-09-28,"MINNEAPOLIS, MN"
479,23770.4,2010-09-27,"MONTREAL, QC"
480,42332.0,2011-06-15,"PELZER, SC"
481,53132.0,2011-01-26,"PELZER, SC"
482,46832.0,2011-01-26,"PELZER, SC"
483,46832.0,2011-01-26,"PELZER, SC"
484,18482.0,2011-02-02,"LITTLE ROCK, AR"
485,27032.0,2015-09-29,"ST. LOUIS, MO"
486,35132.0,2015-10-01,"CHICAGO, IL"
487,36032.0,2013-05-29,"PHILADELPHIA, MS"
488,37832.0,2013-05-31,"LAS VEGAS, NV"
489,16232.0,2013-05-31,"LAS VEGAS, NV"
490,19832.0,2013-06-06,"LOS ANGELES, CA"
491,13532.0,2013-06-06,"LOS ANGELES, CA"
492,23432.0,2013-06-07,"FOLEY, MN"
493,11192.0,2013-02-18,"KISSIMMEE, FL"
494,61232.0,2011-11-10,"PLEASANTON, CA"
495,18932.0,2009-09-23,"PELZER, SC"
496,18932.0,2009-09-23,"PELZER, SC"
497,14432.0,2009-09-23,"PELZER, SC"
498,18032.0,2009-09-16,"LIVINGSTON, LA"
499,27032.0,2011-09-23,"LOS ANGELES, CA"
500,30632.0,2011-10-04,"FORT WORTH, TX"
501,25232.0,2011-10-04,"FORT WORTH, TX"
502,19832.0,2011-11-10,"DICKINSON, ND"
503,92386.4,2011-10-26,"EDMONTON, AB"
504,39104.6,2011-10-26,"EDMONTON, AB"
505,47985.8,2011-10-26,"EDMONTON, AB"
506,36440.6,2011-10-26,"EDMONTON, AB"
507,46209.2,2011-10-26,"EDMONTON, AB"
508,46209.2,2011-10-26,"EDMONTON, AB"
509,33776.6,2011-10-26,"EDMONTON, AB"
510,41129.6,2011-11-03,"BRAMPTON, ON"
511,18032.0,2016-04-20,"HOUSTON, TX"
512,36932.0,2006-05-31,"MONTGOMERY, AL"
513,34232.0,2006-06-20,"OLYMPIA, WA"
514,29676.2,2006-05-02,"CALGARY, AB"
515,21632.0,2010-03-24,"HOUSTON, TX"
516,28832.0,2010-03-17,"PELZER, SC"
517,11192.0,2010-03-09,"NORTH FRANKLIN, CT"
518,22532.0,2010-03-30,"NORTH EAST, MD"
519,25232.0,2010-02-16,"KISSIMMEE, FL"
520,30632.0,2010-01-20,"PELZER, SC"
521,12632.0,2010-02-19,"ORLANDO, FL"
522,26132.0,2010-02-04,"LITTLE ROCK, AR"
523,19832.0,2010-02-25,"FORT WORTH, TX"
524,16232.0,2010-02-25,"FORT WORTH, TX"
525,19832.0,2010-03-02,"LOS ANGELES, CA"
526,17072.6,2010-03-09,"CALGARY, AB"
527,14432.0,2010-03-23,"STATESVILLE, NC"
528,26132.0,2010-03-24,"HARTFORD, CT"
529,23432.0,2010-03-24,"HOUSTON, TX"
530,36032.0,2012-01-12,"HAZLEHURST, GA"
531,29732.0,2012-01-12,"HAZLEHURST, GA"
532,29732.0,2012-01-12,"HAZLEHURST, GA"
533,33332.0,2012-02-18,"ORLANDO, FL"
534,33332.0,2012-02-18,"ORLANDO, FL"
535,15512.0,2012-02-13,"KISSIMMEE, FL"
536,10362.2,2012-10-30,"CALGARY, AB"
537,37832.0,2012-11-14,"HOUSTON, TX"
538,31532.0,2012-11-14,"HOUSTON, TX"
539,31532.0,2012-11-14,"HOUSTON, TX"
540,27032.0,2012-11-14,"HOUSTON, TX"
541,25412.0,2010-11-17,"PELZER, SC"
542,26132.0,2010-11-17,"PELZER, SC"
543,26582.0,2010-11-17,"PELZER, SC"
544,25682.0,2010-11-17,"PELZER, SC"
545,25682.0,2010-11-17,"PELZER, SC"
546,82832.0,2010-11-17,"PELZER, SC"
547,99032.0,2010-11-17,"PELZER, SC"
548,88232.0,2010-11-17,"PELZER, SC"
549,22532.0,2010-12-15,"KANSAS CITY, MO"
550,16232.0,2010-12-08,"LITTLE ROCK, AR"
551,27032.0,2010-12-08,"LITTLE ROCK, AR"
552,18032.0,2012-11-01,"PLEASANTON, CA"
553,30632.0,2012-11-01,"PLEASANTON, CA"
554,38732.0,2012-11-01,"CARTHAGE, TX"
555,38732.0,2012-11-01,"CARTHAGE, TX"
556,38732.0,2012-11-01,"CARTHAGE, TX"
557,38732.0,2012-11-01,"CARTHAGE, TX"
558,39632.0,2012-11-01,"CARTHAGE, TX"
559,40532.0,2012-11-09,"TWIN FALLS, ID"
560,26132.0,2014-06-04,"MONTGOMERY, AL"
561,25682.0,2014-04-16,"LONOKE, AR"
562,16232.0,2012-11-01,"WILLISTON, ND"
563,45032.0,2012-11-01,"PLEASANTON, CA"
564,21632.0,2012-11-01,"PLEASANTON, CA"
565,27032.0,2012-11-14,"HOUSTON, TX"
566,26132.0,2008-10-01,"NORTH EAST, MD"
567,25232.0,2011-08-25,"LONOKE, AR"
568,70232.0,2011-08-25,"NORTH EAST, MD"
569,19832.0,2011-08-26,"BOISE, ID"
570,46832.0,2011-08-25,"HOUSTON, TX"
571,37832.0,2011-08-25,"HOUSTON, TX"
572,41432.0,2011-08-25,"HOUSTON, TX"
573,32432.0,2011-08-25,"HOUSTON, TX"
574,43232.0,2011-08-25,"HOUSTON, TX"
575,46832.0,2011-08-25,"PLEASANTON, CA"
576,39632.0,2011-08-25,"PLEASANTON, CA"
577,24332.0,2011-09-14,"PHILADELPHIA, MS"
578,70232.0,2011-09-13,"MINNEAPOLIS, MN"
579,19832.0,2011-09-13,"MINNEAPOLIS, MN"
580,36032.0,2011-09-22,"COLUMBUS, OH"
581,93632.0,2006-07-12,"FORT WORTH, TX"
582,93632.0,2006-07-12,"FORT WORTH, TX"
583,93632.0,2006-07-12,"FORT WORTH, TX"
584,64868.0,2006-07-06,"MONTREAL, QC"
585,95432.0,2006-07-12,"FORT WORTH, TX"
586,27032.0,2008-11-13,"HOUSTON, TX"
587,52232.0,2012-07-25,"FORT WORTH, TX"
588,31532.0,2012-07-25,"FORT WORTH, TX"
589,11732.0,2010-04-15,"LITTLE ROCK, AR"
590,12272.0,2010-04-15,"LITTLE ROCK, AR"
591,11372.0,2010-04-15,"LITTLE ROCK, AR"
592,24512.0,2010-04-15,"LITTLE ROCK, AR"
593,24152.0,2010-04-15,"LITTLE ROCK, AR"
594,66632.0,2010-04-15,"LITTLE ROCK, AR"
595,10832.0,2010-04-22,"SALT LAKE CITY, UT"
596,49532.0,2010-05-06,"FORT WORTH, TX"
597,49532.0,2010-05-06,"FORT WORTH, TX"
598,28832.0,2010-05-06,"FORT WORTH, TX"
599,26132.0,2010-05-06,"FORT WORTH, TX"
600,16232.0,2010-05-06,"FORT WORTH, TX"
601,36932.0,2010-06-23,"BROOKLYN, MS"
602,27032.0,2010-06-23,"LIVINGSTON, LA"
603,15319.4,2010-06-15,"CALGARY, AB"
604,14432.0,2010-05-06,"FORT WORTH, TX"
605,19832.0,2010-05-13,"CHICAGO, IL"
606,54032.0,2010-05-20,"SACRAMENTO, CA"
607,25682.0,2014-04-16,"LONOKE, AR"
608,17132.0,2013-07-24,"FORT WORTH, TX"
609,17132.0,2013-07-24,"FORT WORTH, TX"
610,17132.0,2013-07-24,"FORT WORTH, TX"
611,17132.0,2013-07-24,"FORT WORTH, TX"
612,17132.0,2013-07-24,"FORT WORTH, TX"
613,26132.0,2013-07-24,"FORT WORTH, TX"
614,18032.0,2013-07-24,"FORT WORTH, TX"
615,15332.0,2013-07-24,"FORT WORTH, TX"
616,16232.0,2013-07-24,"FORT WORTH, TX"
617,17132.0,2013-07-24,"FORT WORTH, TX"
618,24332.0,2013-07-24,"FORT WORTH, TX"
619,36032.0,2013-07-24,"FORT WORTH, TX"
620,36032.0,2013-07-24,"FORT WORTH, TX"
621,24782.0,2012-09-12,"MONTGOMERY, AL"
622,26132.0,2012-09-19,"PHILADELPHIA, MS"
623,39632.0,2012-01-12,"HAZLEHURST, GA"
624,27032.0,2010-02-04,"LITTLE ROCK, AR"
625,27932.0,2012-01-12,"HAZLEHURST, GA"
626,27932.0,2012-01-12,"HAZLEHURST, GA"
627,26582.0,2012-01-12,"HAZLEHURST, GA"
628,22532.0,2014-09-10,"MONTGOMERY, AL"
629,24332.0,2015-02-16,"KISSIMMEE, FL"
630,25232.0,2014-11-12,"HOUSTON, TX"
631,26132.0,2014-04-16,"LONOKE, AR"
632,28382.0,2012-01-12,"HAZLEHURST, GA"
633,46832.0,2006-12-05,"KANSAS CITY, MO"
634,33305.0,2007-09-24,"MONTREAL, QC"
635,28808.6,2007-09-24,"MONTREAL, QC"
636,61232.0,2007-08-01,"ANCHORAGE, AK"
637,39632.0,2011-11-16,"HOUSTON, TX"
638,16232.0,2011-12-08,"HAZLEHURST, GA"
639,17582.0,2011-12-08,"HAZLEHURST, GA"
640,30632.0,2011-12-08,"FORT WORTH, TX"
641,37832.0,2011-12-13,"NORTH EAST, MD"
642,46832.0,2011-11-16,"HOUSTON, TX"
643,26132.0,2011-11-16,"HOUSTON, TX"
644,26132.0,2011-11-16,"HOUSTON, TX"
645,24332.0,2011-11-16,"HOUSTON, TX"
646,26132.0,2011-11-16,"HOUSTON, TX"
647,24332.0,2011-11-16,"HOUSTON, TX"
648,22532.0,2011-11-16,"HOUSTON, TX"
649,22532.0,2011-11-16,"HOUSTON, TX"
650,25682.0,2012-01-12,"HAZLEHURST, GA"
651,55832.0,2011-06-22,"HOUSTON, TX"
652,55832.0,2011-06-22,"HOUSTON, TX"
653,21632.0,2011-06-17,"MINNEAPOLIS, MN"
654,21632.0,2011-06-17,"MINNEAPOLIS, MN"
655,18032.0,2011-06-17,"MINNEAPOLIS, MN"
656,46832.0,2011-07-22,"LOS ANGELES, CA"
657,46832.0,2011-07-22,"LOS ANGELES, CA"
658,45032.0,2011-07-27,"FORT WORTH, TX"
659,28832.0,2011-07-27,"FORT WORTH, TX"
660,28832.0,2011-07-27,"FORT WORTH, TX"
661,27032.0,2011-07-27,"FORT WORTH, TX"
662,20732.0,2011-07-27,"FORT WORTH, TX"
663,22532.0,2011-07-14,"HAZLEHURST, GA"
664,54032.0,2011-07-14,"HAZLEHURST, GA"
665,9932.0,2011-07-14,"HAZLEHURST, GA"
666,27032.0,2008-03-27,"ATLANTIC CITY, NJ"
667,34232.0,2008-03-12,"MONTGOMERY, AL"
668,34232.0,2008-03-12,"MONTGOMERY, AL"
669,34232.0,2008-03-12,"MONTGOMERY, AL"
670,34232.0,2008-03-12,"MONTGOMERY, AL"
671,23432.0,2013-06-12,"MONTGOMERY, AL"
672,81032.0,2008-02-23,"ORLANDO, FL"
673,25232.0,2013-06-19,"HOUSTON, TX"
674,25232.0,2013-06-19,"HOUSTON, TX"
675,27032.0,2013-06-19,"HOUSTON, TX"
676,25232.0,2013-06-19,"HOUSTON, TX"
677,23432.0,2013-06-19,"HOUSTON, TX"
678,23432.0,2013-06-19,"HOUSTON, TX"
679,23432.0,2013-06-19,"HOUSTON, TX"
680,27032.0,2013-06-19,"HOUSTON, TX"
681,27032.0,2013-06-19,"HOUSTON, TX"
682,19832.0,2013-06-19,"HOUSTON, TX"
683,23432.0,2013-06-19,"HOUSTON, TX"
684,36032.0,2014-12-03,"FORT WORTH, TX"
685,31082.0,2007-10-31,"LITTLE ROCK, AR"
686,31082.0,2007-10-31,"LITTLE ROCK, AR"
687,36032.0,2007-11-08,"HOUSTON, TX"
688,27032.0,2007-12-11,"LIVINGSTON, LA"
689,27032.0,2007-12-11,"LIVINGSTON, LA"
690,38732.0,2014-05-14,"FORT WORTH, TX"
691,22532.0,2013-04-17,"HOUSTON, TX"
692,28832.0,2013-04-17,"HOUSTON, TX"
693,22532.0,2013-04-17,"HOUSTON, TX"
694,36032.0,2013-04-17,"HOUSTON, TX"
695,28832.0,2013-04-17,"HOUSTON, TX"
696,36032.0,2013-04-17,"HOUSTON, TX"
697,36032.0,2013-04-17,"HOUSTON, TX"
698,23432.0,2013-04-17,"HOUSTON, TX"
699,18032.0,2013-04-17,"HOUSTON, TX"
700,18032.0,2013-04-17,"HOUSTON, TX"
701,19832.0,2013-09-30,"RALEIGH-DURHAM, NC"
702,18032.0,2014-03-25,"RALEIGH-DURHAM, NC"
703,81032.0,2008-02-23,"ORLANDO, FL"
704,81032.0,2008-02-23,"ORLANDO, FL"
705,18932.0,2014-03-25,"RALEIGH-DURHAM, NC"
706,32432.0,2010-11-17,"PELZER, SC"
707,90032.0,2008-04-02,"NORTH EAST, MD"
708,28832.0,2012-08-23,"WILLS POINT, TX"
709,21632.0,2013-08-29,"HOUSTON, TX"
710,31532.0,2015-11-11,"HOUSTON, TX"
711,12632.0,2013-07-23,"CHEHALIS, WA"
712,37832.0,2010-11-17,"PELZER, SC"
713,27932.0,2010-11-17,"PELZER, SC"
714,27932.0,2010-11-17,"PELZER, SC"
715,27032.0,2010-11-17,"PELZER, SC"
716,27032.0,2010-11-17,"PELZER, SC"
717,25232.0,2010-11-17,"PELZER, SC"
718,25682.0,2010-11-17,"PELZER, SC"
719,30182.0,2010-11-17,"PELZER, SC"
720,27032.0,2010-11-17,"PELZER, SC"
721,18032.0,2010-02-25,"FORT WORTH, TX"
722,23432.0,2016-04-20,"HOUSTON, TX"
723,21632.0,2014-04-16,"HOUSTON, TX"
724,14882.0,2013-07-11,"HAZLEHURST, GA"
725,45032.0,2013-07-18,"PHILADELPHIA, MS"
726,33332.0,2013-05-30,"CHICAGO, IL"
727,21632.0,2013-05-30,"CHICAGO, IL"
728,25232.0,2013-05-30,"CHICAGO, IL"
729,40532.0,2010-10-19,"NORTH EAST, MD"
730,37832.0,2011-03-09,"FORT WORTH, TX"
731,19832.0,2011-03-09,"FORT WORTH, TX"
732,25232.0,2011-03-09,"FORT WORTH, TX"
733,16232.0,2011-03-10,"PLEASANTON, CA"
734,9932.0,2011-03-18,"ALBUQUERQUE, NM"
735,25232.0,2011-03-24,"LAS VEGAS, NV"
736,34232.0,2011-03-24,"LAS VEGAS, NV"
737,25232.0,2011-03-24,"LAS VEGAS, NV"
738,46832.0,2011-03-25,"ST. LOUIS, MO"
739,48632.0,2011-03-25,"ST. LOUIS, MO"
740,19832.0,2011-03-25,"ST. LOUIS, MO"
741,31532.0,2011-03-29,"MINNEAPOLIS, MN"
742,23432.0,2011-03-30,"PELZER, SC"
743,52232.0,2011-03-30,"PELZER, SC"
744,13082.0,2011-03-30,"PELZER, SC"
745,47348.6,2010-09-14,"CALGARY, AB"
746,31577.0,2010-09-14,"CALGARY, AB"
747,35081.6,2010-09-14,"CALGARY, AB"
748,38732.0,2010-09-15,"PHILADELPHIA, MS"
749,35132.0,2010-09-15,"PHILADELPHIA, MS"
750,38732.0,2010-09-15,"PHILADELPHIA, MS"
751,36032.0,2010-09-15,"PHILADELPHIA, MS"
752,35132.0,2010-09-15,"PHILADELPHIA, MS"
753,36032.0,2010-09-15,"PHILADELPHIA, MS"
754,35132.0,2010-09-15,"PHILADELPHIA, MS"
755,16739.6,2010-09-22,"TORONTO, ON"
756,41432.0,2010-09-28,"SACRAMENTO, CA"
757,41432.0,2010-09-28,"SACRAMENTO, CA"
758,11732.0,2016-03-15,"MONTGOMERY, AL"
759,90032.0,2008-04-02,"NORTH EAST, MD"
760,45032.0,2008-04-16,"LITTLE ROCK, AR"
761,25682.0,2012-01-12,"HAZLEHURST, GA"
762,48182.0,2008-04-16,"LITTLE ROCK, AR"
763,12158.6,2012-10-30,"CALGARY, AB"
764,28832.0,2015-12-08,"RICHMOND, VA"
765,17582.0,2016-04-13,"LONOKE, AR"
766,20732.0,2016-03-17,"DENVER, CO"
767,23432.0,2015-09-02,"MONTGOMERY, AL"
768,39632.0,2011-05-11,"FORT WORTH, TX"
769,46832.0,2011-05-11,"FORT WORTH, TX"
770,46832.0,2011-05-11,"FORT WORTH, TX"
771,46832.0,2011-05-11,"FORT WORTH, TX"
772,46832.0,2011-05-11,"FORT WORTH, TX"
773,46832.0,2011-05-11,"FORT WORTH, TX"
774,46832.0,2011-05-11,"FORT WORTH, TX"
775,37832.0,2011-04-29,"PHOENIX, AZ"
776,23432.0,2011-06-15,"KANSAS CITY, MO"
777,46832.0,2011-05-11,"FORT WORTH, TX"
778,46832.0,2011-05-11,"FORT WORTH, TX"
779,46832.0,2011-05-11,"FORT WORTH, TX"
780,52232.0,2011-05-11,"FORT WORTH, TX"
781,46832.0,2011-05-11,"FORT WORTH, TX"
782,46832.0,2011-05-11,"FORT WORTH, TX"
783,48632.0,2011-05-11,"FORT WORTH, TX"
784,14792.0,2014-02-17,"KISSIMMEE, FL"
785,13532.0,2009-09-23,"PELZER, SC"
786,19832.0,2015-09-02,"MONTGOMERY, AL"
787,33332.0,2015-09-02,"MONTGOMERY, AL"
788,34232.0,2015-06-24,"HOUSTON, TX"
789,20732.0,2015-06-24,"HOUSTON, TX"
790,49532.0,2015-06-24,"HOUSTON, TX"
791,30632.0,2015-06-24,"HOUSTON, TX"
792,33332.0,2015-06-24,"HOUSTON, TX"
793,15332.0,2015-12-02,"MONTGOMERY, AL"
794,28832.0,2012-03-08,"FORT WORTH, TX"
795,39632.0,2011-12-15,"LOS ANGELES, CA"
796,39632.0,2011-12-15,"LOS ANGELES, CA"
797,19688.0,2011-11-03,"BRAMPTON, ON"
798,53994.2,2007-12-03,"MONTREAL, QC"
799,61188.8,2007-12-03,"MONTREAL, QC"
800,61188.8,2007-12-03,"MONTREAL, QC"
801,22532.0,2012-04-12,"HAZLEHURST, GA"
802,24332.0,2012-04-12,"HAZLEHURST, GA"
803,26132.0,2009-12-16,"KANSAS CITY, MO"
804,22532.0,2012-04-12,"HAZLEHURST, GA"
805,22532.0,2012-04-12,"HAZLEHURST, GA"
806,22532.0,2012-04-12,"HAZLEHURST, GA"
807,17132.0,2015-09-02,"MONTGOMERY, AL"
808,46832.0,2012-01-11,"ANDERSON, SC"
809,15332.0,2011-10-01,"ROCHESTER, NY"
810,36032.0,2011-10-27,"WILLS POINT, TX"
811,26672.0,2016-04-27,"WILLS POINT, TX"
812,25232.0,2012-02-09,"HAZLEHURST, GA"
813,66632.0,2011-09-30,"ST. LOUIS, MO"
814,25682.0,2011-10-13,"HAZLEHURST, GA"
815,36032.0,2012-02-13,"KISSIMMEE, FL"
816,33782.0,2014-02-17,"KISSIMMEE, FL"
817,55832.0,2007-03-07,"MONTGOMERY, AL"
818,34401.2,2007-03-12,"MONTREAL, QC"
819,34401.2,2007-03-12,"MONTREAL, QC"
820,19832.0,2012-02-02,"LONOKE, AR"
821,30632.0,2012-02-09,"HAZLEHURST, GA"
822,36032.0,2012-03-08,"FORT WORTH, TX"
823,36032.0,2012-03-08,"FORT WORTH, TX"
824,36032.0,2012-03-08,"FORT WORTH, TX"
825,32432.0,2012-03-08,"FORT WORTH, TX"
826,30632.0,2012-03-08,"FORT WORTH, TX"
827,28832.0,2012-03-08,"FORT WORTH, TX"
828,28832.0,2012-03-08,"FORT WORTH, TX"
829,28832.0,2012-03-08,"FORT WORTH, TX"
830,34232.0,2012-03-08,"FORT WORTH, TX"
831,30632.0,2012-03-08,"FORT WORTH, TX"
832,16682.0,2012-03-08,"HAZLEHURST, GA"
833,22532.0,2012-03-08,"HAZLEHURST, GA"
834,30632.0,2012-03-08,"FORT WORTH, TX"
835,30632.0,2012-03-08,"FORT WORTH, TX"
836,30632.0,2012-03-08,"FORT WORTH, TX"
837,34232.0,2012-03-08,"FORT WORTH, TX"
838,32432.0,2012-03-08,"FORT WORTH, TX"
839,25232.0,2011-11-16,"HOUSTON, TX"
840,34232.0,2011-11-16,"PHILADELPHIA, MS"
841,38732.0,2011-11-16,"PHILADELPHIA, MS"
842,34232.0,2011-11-16,"PHILADELPHIA, MS"
843,45932.0,2011-12-01,"PLEASANTON, CA"
844,14432.0,2011-12-01,"MONTGOMERY, AL"
845,23432.0,2011-12-02,"MINNEAPOLIS, MN"
846,41432.0,2011-12-05,"PHOENIX, AZ"
847,41432.0,2011-12-05,"PHOENIX, AZ"
848,27032.0,2011-12-05,"PHOENIX, AZ"
849,23432.0,2011-12-08,"FORT WORTH, TX"
850,27032.0,2011-12-08,"FORT WORTH, TX"
851,28832.0,2011-12-08,"FORT WORTH, TX"
852,34232.0,2011-12-08,"FORT WORTH, TX"
853,29732.0,2011-12-08,"FORT WORTH, TX"
854,61232.0,2011-12-09,"FOLEY, MN"
855,20732.0,2011-12-14,"CHICAGO, IL"
856,27032.0,2011-12-16,"ST. LOUIS, MO"
857,33332.0,2012-11-30,"POLOTITLAN, MX"
858,43232.0,2012-12-06,"CHEHALIS, WA"
859,43232.0,2012-12-06,"CHEHALIS, WA"
860,50432.0,2012-12-06,"CHEHALIS, WA"
861,52232.0,2012-12-06,"CHEHALIS, WA"
862,50432.0,2012-12-06,"CHEHALIS, WA"
863,19832.0,2012-12-06,"COLUMBUS, OH"
864,61232.0,2012-12-11,"DENVER, CO"
865,32432.0,2012-12-11,"DENVER, CO"
866,22802.0,2007-05-14,"MONTREAL, QC"
867,52606.4,2007-06-12,"CALGARY, AB"
868,100832.0,2008-09-24,"PELZER, SC"
869,48632.0,2008-09-24,"PELZER, SC"
870,39632.0,2008-09-24,"PELZER, SC"
871,26132.0,2008-09-24,"PELZER, SC"
872,27032.0,2008-09-24,"PELZER, SC"
873,45032.0,2007-05-09,"FORT WORTH, TX"
874,24429.2,2007-05-14,"MONTREAL, QC"
875,22802.0,2007-05-14,"MONTREAL, QC"
876,11710.4,2012-10-30,"CALGARY, AB"
877,25232.0,2015-05-27,"PLEASANTON, CA"
878,21632.0,2010-07-15,"FORT WORTH, TX"
879,34232.0,2010-07-21,"PHILADELPHIA, MS"
880,13532.0,2010-08-17,"SALT LAKE CITY, UT"
881,102632.0,2010-08-24,"NORTH EAST, MD"
882,28832.0,2010-08-31,"DENVER, CO"
883,11732.0,2010-09-02,"PHOENIX, AZ"
884,24929.6,2010-09-08,"EDMONTON, AB"
885,35081.6,2010-09-14,"CALGARY, AB"
886,45032.0,2015-12-10,"PENDLETON, IN"
887,47348.6,2010-09-14,"CALGARY, AB"
888,10832.0,2009-03-19,"ATLANTIC CITY, NJ"
889,10832.0,2009-03-19,"ATLANTIC CITY, NJ"
890,10832.0,2009-03-19,"ATLANTIC CITY, NJ"
891,9932.0,2009-03-19,"ATLANTIC CITY, NJ"
892,9932.0,2009-03-19,"ATLANTIC CITY, NJ"
893,31532.0,2009-03-26,"ATLANTA, GA"
894,31532.0,2009-03-26,"ATLANTA, GA"
895,30632.0,2009-03-18,"LIVINGSTON, LA"
896,29732.0,2009-03-02,"KANSAS CITY, MO"
897,32432.0,2009-03-02,"KANSAS CITY, MO"
898,32432.0,2009-03-02,"KANSAS CITY, MO"
899,29732.0,2009-03-02,"KANSAS CITY, MO"
900,29732.0,2009-03-02,"KANSAS CITY, MO"
901,32432.0,2009-03-02,"KANSAS CITY, MO"
902,29732.0,2009-03-02,"KANSAS CITY, MO"
903,30632.0,2009-03-02,"KANSAS CITY, MO"
904,29732.0,2009-03-02,"KANSAS CITY, MO"
905,28832.0,2009-03-02,"KANSAS CITY, MO"
906,29732.0,2009-03-02,"KANSAS CITY, MO"
907,19832.0,2009-02-27,"LOS ANGELES, CA"
908,28832.0,2009-03-04,"FORT WORTH, TX"
909,28832.0,2009-03-04,"FORT WORTH, TX"
910,29732.0,2009-03-02,"KANSAS CITY, MO"
911,30632.0,2009-03-02,"KANSAS CITY, MO"
912,25232.0,2009-03-04,"FORT WORTH, TX"
913,24332.0,2009-03-04,"FORT WORTH, TX"
914,21632.0,2009-03-18,"PELZER, SC"
915,20732.0,2009-01-21,"PELZER, SC"
916,24782.0,2009-01-21,"PELZER, SC"
917,98132.0,2009-01-21,"PELZER, SC"
918,32432.0,2011-01-20,"ROMULUS, MI"
919,32432.0,2011-01-20,"ROMULUS, MI"
920,32432.0,2011-01-20,"ROMULUS, MI"
921,28832.0,2011-01-20,"ROMULUS, MI"
922,41432.0,2011-01-20,"ROMULUS, MI"
923,41432.0,2011-01-20,"ROMULUS, MI"
924,34232.0,2011-01-20,"ROMULUS, MI"
925,27032.0,2011-01-20,"ROMULUS, MI"
926,23432.0,2011-01-20,"ROMULUS, MI"
927,43232.0,2011-01-26,"PELZER, SC"
928,24332.0,2011-01-27,"PLEASANTON, CA"
929,82832.0,2011-02-09,"PLEASANTON, CA"
930,18932.0,2011-02-24,"PLEASANTON, CA"
931,45032.0,2011-03-09,"FORT WORTH, TX"
932,37832.0,2011-03-09,"FORT WORTH, TX"
933,27932.0,2011-06-22,"HOUSTON, TX"
934,25232.0,2011-06-22,"HOUSTON, TX"
935,42332.0,2011-06-22,"HOUSTON, TX"
936,42332.0,2011-06-22,"HOUSTON, TX"
937,54032.0,2009-09-23,"PELZER, SC"
938,18932.0,2009-07-09,"FORT WORTH, TX"
939,18032.0,2009-07-09,"FORT WORTH, TX"
940,18032.0,2009-07-09,"FORT WORTH, TX"
941,18032.0,2009-07-09,"FORT WORTH, TX"
942,18032.0,2009-07-09,"FORT WORTH, TX"
943,18032.0,2009-07-09,"FORT WORTH, TX"
944,17132.0,2009-07-09,"FORT WORTH, TX"
945,25232.0,2009-07-16,"PHILADELPHIA, MS"
946,43232.0,2009-07-16,"CHICAGO, IL"
947,19832.0,2009-08-26,"HOUSTON, TX"
948,16592.0,2009-08-26,"LITTLE ROCK, AR"
949,16592.0,2009-08-26,"LITTLE ROCK, AR"
950,36032.0,2009-09-23,"FORT WORTH, TX"
951,12632.0,2009-09-23,"FORT WORTH, TX"
952,24332.0,2016-03-22,"SEALY, TX"
953,54032.0,2010-11-17,"PELZER, SC"
954,14432.0,2010-12-08,"LITTLE ROCK, AR"
955,46832.0,2010-11-17,"PELZER, SC"
956,59432.0,2010-11-17,"PELZER, SC"
957,50432.0,2010-11-17,"PELZER, SC"
958,54032.0,2010-11-17,"PELZER, SC"
959,47732.0,2010-11-17,"PELZER, SC"
960,54032.0,2010-11-17,"PELZER, SC"
961,55832.0,2010-11-17,"PELZER, SC"
962,48632.0,2010-11-17,"PELZER, SC"
963,73832.0,2012-11-14,"HOUSTON, TX"
964,24782.0,2012-08-30,"LONOKE, AR"
965,22532.0,2012-08-30,"LONOKE, AR"
966,45932.0,2012-08-30,"PLEASANTON, CA"
967,16232.0,2013-09-11,"MONTGOMERY, AL"
968,28832.0,2010-06-29,"ST. LOUIS, MO"
969,25232.0,2010-06-29,"ST. LOUIS, MO"
970,36032.0,2014-11-12,"HOUSTON, TX"
971,18032.0,2013-09-12,"DENVER, CO"
972,50432.0,2006-02-21,"KISSIMMEE, FL"
973,36658.4,2006-03-13,"MONTREAL, QC"
974,39632.0,2014-06-10,"DENVER, CO"
975,25232.0,2014-03-26,"PHILADELPHIA, MS"
976,71974.4,2007-09-24,"MONTREAL, QC"
977,67478.0,2007-09-24,"MONTREAL, QC"
978,77370.8,2007-09-24,"MONTREAL, QC"
979,32432.0,2009-04-15,"LITTLE ROCK, AR"
980,32432.0,2009-04-15,"LITTLE ROCK, AR"
981,14612.0,2009-04-15,"LITTLE ROCK, AR"
982,33332.0,2009-04-01,"NORTH EAST, MD"
983,20732.0,2009-04-15,"LITTLE ROCK, AR"
984,27032.0,2009-04-01,"NORTH EAST, MD"
985,27932.0,2009-05-14,"ROCKINGHAM, NC"
986,12632.0,2009-04-02,"PHILADELPHIA, MS"
987,72032.0,2009-05-05,"PHOENIX, AZ"
988,68432.0,2009-05-28,"PHILADELPHIA, MS"
989,9212.0,2009-05-28,"PHILADELPHIA, MS"
990,70232.0,2009-05-06,"FORT WORTH, TX"
991,41432.0,2009-05-13,"CHICAGO, IL"
992,20732.0,2009-05-13,"CHICAGO, IL"
993,38732.0,2009-05-19,"EUGENE, OR"
994,72032.0,2009-06-17,"PELZER, SC"
995,25232.0,2009-06-17,"PELZER, SC"
996,20732.0,2009-06-17,"PELZER, SC"
997,25232.0,2009-06-16,"MONTGOMERY, AL"
998,26132.0,2009-06-16,"MONTGOMERY, AL"
999,16232.0,2009-06-18,"ATLANTA, GA"
1000,10832.0,2009-06-18,"ATLANTA, GA"
1001,10832.0,2009-06-18,"ATLANTA, GA"
1002,59432.0,2009-06-16,"COLUMBUS, OH"
1003,54032.0,2009-06-16,"COLUMBUS, OH"
1004,21632.0,2009-06-24,"NORTH EAST, MD"
1005,19832.0,2009-06-24,"NORTH EAST, MD"
1006,61232.0,2007-08-01,"ANCHORAGE, AK"
1007,39536.6,2007-07-10,"MONTREAL, QC"
1008,16232.0,2009-04-02,"ALBUQUERQUE, NM"
1009,63032.0,2009-04-15,"LITTLE ROCK, AR"
1010,35132.0,2013-06-12,"MONTGOMERY, AL"
1011,51494.0,2007-09-11,"CALGARY, AB"
1012,77225.0,2007-09-11,"CALGARY, AB"
1013,55832.0,2007-09-12,"PHILADELPHIA, MS"
1014,42332.0,2014-06-10,"DENVER, CO"
1015,27482.0,2014-03-26,"PHILADELPHIA, MS"
1016,25232.0,2014-06-18,"HOUSTON, TX"
1017,64832.0,2008-01-17,"NAHUNTA, GA"
1018,60332.0,2008-01-17,"NAHUNTA, GA"
1019,39632.0,2008-02-19,"KISSIMMEE, FL"
1020,32432.0,2016-02-19,"ORLANDO, FL"
1021,81032.0,2008-02-23,"ORLANDO, FL"
1022,26132.0,2015-11-18,"PHILADELPHIA, MS"
1023,54032.0,2013-04-17,"HOUSTON, TX"
1024,49532.0,2013-04-17,"HOUSTON, TX"
1025,43232.0,2013-04-17,"HOUSTON, TX"
1026,25232.0,2013-04-17,"HOUSTON, TX"
1027,63032.0,2013-04-24,"PLEASANTON, CA"
1028,36032.0,2013-04-17,"HOUSTON, TX"
1029,28832.0,2013-04-17,"HOUSTON, TX"
1030,28832.0,2013-04-17,"HOUSTON, TX"
1031,21182.0,2010-02-04,"LITTLE ROCK, AR"
1032,18932.0,2014-03-06,"PLEASANTON, CA"
1033,27032.0,2013-11-20,"HOUSTON, TX"
1034,24332.0,2013-11-20,"HOUSTON, TX"
1035,24332.0,2013-11-20,"HOUSTON, TX"
1036,16232.0,2013-11-20,"HOUSTON, TX"
1037,32432.0,2013-11-20,"HOUSTON, TX"
1038,33332.0,2013-11-20,"HOUSTON, TX"
1039,17132.0,2013-11-20,"HOUSTON, TX"
1040,17132.0,2013-11-20,"HOUSTON, TX"
1041,18932.0,2013-11-20,"HOUSTON, TX"
1042,9032.0,2013-11-20,"HOUSTON, TX"
1043,31082.0,2015-10-28,"LONOKE, AR"
1044,30182.0,2015-10-28,"LONOKE, AR"
1045,27032.0,2015-10-28,"LONOKE, AR"
1046,27932.0,2014-05-14,"FORT WORTH, TX"
1047,26132.0,2015-05-05,"WILLISTON, ND"
1048,10832.0,2015-05-08,"BROOKLYN, MS"
1049,23432.0,2015-05-13,"WILLS POINT, TX"
1050,34232.0,2015-05-13,"WILLS POINT, TX"
1051,27932.0,2015-05-19,"RICHMOND, VA"
1052,12738.2,2015-05-05,"CALGARY, AB"
1053,10382.0,2015-05-21,"MUSKOGEE, OK"
1054,14882.0,2013-12-10,"MINNEAPOLIS, MN"
1055,14882.0,2013-12-10,"MINNEAPOLIS, MN"
1056,14432.0,2013-12-10,"MINNEAPOLIS, MN"
1057,18932.0,2013-12-13,"PENDLETON, IN"
1058,16682.0,2014-01-09,"HAZLEHURST, GA"
1059,14432.0,2014-01-09,"HAZLEHURST, GA"
1060,43988.0,2015-05-22,"TORONTO, ON"
1061,22532.0,2014-04-16,"HOUSTON, TX"
1062,18932.0,2014-04-16,"HOUSTON, TX"
1063,25232.0,2014-04-16,"HOUSTON, TX"
1064,27032.0,2014-03-28,"ST. LOUIS, MO"
1065,43232.0,2014-05-22,"SCRANTON, PA"
1066,43232.0,2014-05-22,"SCRANTON, PA"
1067,49532.0,2014-05-22,"SCRANTON, PA"
1068,43232.0,2014-05-22,"SCRANTON, PA"
1069,43232.0,2014-05-22,"SCRANTON, PA"
1070,43232.0,2014-05-22,"SCRANTON, PA"
1071,53132.0,2014-11-14,"PELZER, SC"
1072,18032.0,2016-04-20,"HOUSTON, TX"
1073,15332.0,2015-10-28,"LONOKE, AR"
1074,26132.0,2014-03-18,"DENVER, CO"
1075,21632.0,2014-03-25,"RALEIGH-DURHAM, NC"
1076,14432.0,2014-03-25,"MINNEAPOLIS, MN"
1077,11732.0,2014-03-25,"MINNEAPOLIS, MN"
1078,11732.0,2014-03-25,"MINNEAPOLIS, MN"
1079,11732.0,2014-03-25,"MINNEAPOLIS, MN"
1080,11732.0,2014-03-25,"MINNEAPOLIS, MN"
1081,59432.0,2015-04-15,"HOUSTON, TX"
1082,44132.0,2015-04-15,"HOUSTON, TX"
1083,31532.0,2015-04-15,"HOUSTON, TX"
1084,23432.0,2015-04-15,"HOUSTON, TX"
1085,21632.0,2015-04-15,"HOUSTON, TX"
1086,23432.0,2015-04-15,"HOUSTON, TX"
1087,21632.0,2015-04-15,"HOUSTON, TX"
1088,31103.6,2015-04-28,"EDMONTON, AB"
1089,13082.0,2015-08-26,"LONOKE, AR"
1090,43232.0,2014-08-14,"PLEASANTON, CA"
1091,45032.0,2014-08-14,"PLEASANTON, CA"
1092,16232.0,2015-04-14,"PELZER, SC"
1093,14882.0,2015-04-14,"PELZER, SC"
1094,13532.0,2014-06-18,"HOUSTON, TX"
1095,45032.0,2014-07-31,"PLEASANTON, CA"
1096,45932.0,2014-07-31,"PLEASANTON, CA"
1097,18482.0,2016-06-07,"MONTGOMERY, AL"
1098,32432.0,2015-07-21,"RICHMOND, VA"
1099,28832.0,2015-07-21,"RICHMOND, VA"
1100,32432.0,2015-07-30,"CHICAGO, IL"
1101,32432.0,2015-07-30,"CHICAGO, IL"
1102,39632.0,2015-07-29,"PLEASANTON, CA"
1103,14432.0,2015-08-05,"WILLISTON, ND"
1104,20732.0,2015-07-30,"CHEHALIS, WA"
1105,39632.0,2015-08-05,"PLEASANTON, CA"
1106,40532.0,2015-08-05,"PLEASANTON, CA"
1107,21632.0,2015-08-06,"DENVER, CO"
1108,10292.0,2014-11-04,"CALGARY, AB"
1109,24332.0,2014-11-06,"WILLS POINT, TX"
1110,29903.0,2009-10-29,"EDMONTON, AB"
1111,14432.0,2009-11-17,"HOUSTON, TX"
1112,14432.0,2009-11-17,"HOUSTON, TX"
1113,14432.0,2009-11-17,"HOUSTON, TX"
1114,15332.0,2016-06-22,"HOUSTON, TX"
1115,12632.0,2016-06-15,"LONOKE, AR"
1116,14432.0,2016-11-02,"LONOKE, AR"
1117,32432.0,2016-05-25,"ORLANDO, FL"
1118,41432.0,2016-05-25,"PHILADELPHIA, MS"
1119,31532.0,2015-05-27,"PHILADELPHIA, MS"
1120,27932.0,2015-05-27,"PHILADELPHIA, MS"
1121,22532.0,2015-05-27,"PHILADELPHIA, MS"
1122,27932.0,2015-05-27,"PHILADELPHIA, MS"
1123,36032.0,2015-05-28,"CHICAGO, IL"
1124,14432.0,2014-09-19,"MINNEAPOLIS, MN"
1125,14432.0,2014-09-19,"MINNEAPOLIS, MN"
1126,14432.0,2014-09-19,"MINNEAPOLIS, MN"
1127,16232.0,2014-09-19,"MINNEAPOLIS, MN"
1128,54932.0,2014-08-14,"PLEASANTON, CA"
1129,55832.0,2014-08-21,"PLEASANTON, CA"
1130,59432.0,2014-08-21,"PLEASANTON, CA"
1131,21632.0,2014-09-04,"PLEASANTON, CA"
1132,37832.0,2014-09-04,"PLEASANTON, CA"
1133,51332.0,2014-09-04,"PLEASANTON, CA"
1134,14432.0,2009-11-17,"HOUSTON, TX"
1135,14432.0,2009-11-17,"HOUSTON, TX"
1136,20683.4,2009-11-03,"CALGARY, AB"
1137,14432.0,2009-11-17,"HOUSTON, TX"
1138,29903.0,2009-10-29,"EDMONTON, AB"
1139,13519.4,2009-11-03,"CALGARY, AB"
1140,16052.0,2009-10-29,"LITTLE ROCK, AR"
1141,29903.0,2009-10-29,"EDMONTON, AB"
1142,25232.0,2009-12-03,"FORT WORTH, TX"
1143,18032.0,2009-12-09,"LITTLE ROCK, AR"
1144,16682.0,2009-12-09,"LITTLE ROCK, AR"
1145,9032.0,2009-12-09,"LITTLE ROCK, AR"
1146,40532.0,2009-12-16,"KANSAS CITY, MO"
1147,26132.0,2009-12-16,"KANSAS CITY, MO"
1148,11732.0,2014-09-19,"MINNEAPOLIS, MN"
1149,13532.0,2014-09-19,"MINNEAPOLIS, MN"
1150,9932.0,2014-09-19,"MINNEAPOLIS, MN"
1151,27932.0,2016-06-17,"MINNEAPOLIS, MN"
1152,21632.0,2016-11-16,"PHILADELPHIA, MS"
1153,14432.0,2015-06-03,"MONTGOMERY, AL"
1154,36032.0,2016-05-04,"FORT WORTH, TX"
1155,19832.0,2014-09-10,"MONTGOMERY, AL"
1156,12632.0,2014-09-12,"PHOENIX, AZ"
1157,11732.0,2014-03-25,"MINNEAPOLIS, MN"
1158,37832.0,2016-02-10,"HOUSTON, TX"
1159,35132.0,2015-08-13,"ORLANDO, FL"
1160,32432.0,2014-05-14,"FORT WORTH, TX"
1161,54032.0,2013-04-17,"HOUSTON, TX"
1162,22532.0,2013-12-04,"FORT WORTH, TX"
1163,21632.0,2013-12-04,"FORT WORTH, TX"
1164,34232.0,2013-12-04,"FORT WORTH, TX"
1165,28832.0,2013-12-04,"FORT WORTH, TX"
1166,18932.0,2013-12-04,"FORT WORTH, TX"
1167,12632.0,2013-04-17,"HOUSTON, TX"
1168,18032.0,2013-04-17,"HOUSTON, TX"
1169,18032.0,2013-04-17,"HOUSTON, TX"
1170,27032.0,2013-04-24,"PLEASANTON, CA"
1171,23432.0,2014-03-26,"PHILADELPHIA, MS"
1172,23432.0,2013-06-13,"HAZLEHURST, GA"
1173,24332.0,2011-11-16,"HOUSTON, TX"
1174,24332.0,2011-11-16,"HOUSTON, TX"
1175,22532.0,2011-11-16,"HOUSTON, TX"
1176,31532.0,2011-11-16,"HOUSTON, TX"
1177,23882.0,2010-02-04,"LITTLE ROCK, AR"
1178,50432.0,2010-02-04,"LITTLE ROCK, AR"
1179,13532.0,2013-09-25,"FORT WORTH, TX"
1180,10812.2,2012-10-30,"CALGARY, AB"
1181,27032.0,2010-05-27,"OLYMPIA, WA"
1182,25232.0,2010-05-27,"OLYMPIA, WA"
1183,23432.0,2010-05-27,"OLYMPIA, WA"
1184,23432.0,2010-05-27,"OLYMPIA, WA"
1185,25232.0,2010-05-27,"OLYMPIA, WA"
1186,22532.0,2010-05-27,"OLYMPIA, WA"
1187,24332.0,2010-05-27,"OLYMPIA, WA"
1188,24332.0,2010-05-27,"OLYMPIA, WA"
1189,22532.0,2010-05-27,"OLYMPIA, WA"
1190,22532.0,2010-05-27,"OLYMPIA, WA"
1191,36932.0,2010-05-27,"OLYMPIA, WA"
1192,26132.0,2010-06-09,"MONTGOMERY, AL"
1193,19013.0,2010-06-09,"EDMONTON, AB"
1194,31532.0,2010-06-09,"HOUSTON, TX"
1195,31532.0,2010-06-09,"HOUSTON, TX"
1196,16232.0,2010-06-11,"KANSAS CITY, MO"
1197,12632.0,2010-06-23,"COLUMBUS, OH"
1198,28832.0,2010-06-29,"ST. LOUIS, MO"
1199,28832.0,2010-06-29,"ST. LOUIS, MO"
1200,28832.0,2010-06-29,"ST. LOUIS, MO"
1201,21632.0,2013-08-29,"HOUSTON, TX"
1202,30632.0,2013-08-29,"HOUSTON, TX"
1203,29732.0,2013-08-29,"HOUSTON, TX"
1204,24332.0,2013-08-29,"HOUSTON, TX"
1205,22532.0,2013-08-29,"HOUSTON, TX"
1206,18032.0,2013-08-29,"HOUSTON, TX"
1207,18032.0,2013-08-29,"HOUSTON, TX"
1208,18032.0,2013-08-29,"HOUSTON, TX"
1209,18032.0,2013-08-29,"HOUSTON, TX"
1210,9482.0,2012-11-01,"LONOKE, AR"
1211,16232.0,2012-11-14,"HOUSTON, TX"
1212,18032.0,2012-11-01,"PLEASANTON, CA"
1213,14432.0,2012-11-14,"PLEASANTON, CA"
1214,18932.0,2010-10-14,"PLEASANTON, CA"
1215,24332.0,2010-10-27,"LITTLE ROCK, AR"
1216,25232.0,2010-11-03,"HOUSTON, TX"
1217,48632.0,2010-10-28,"PLEASANTON, CA"
1218,28007.6,2010-10-27,"EDMONTON, AB"
1219,35002.4,2010-10-27,"EDMONTON, AB"
1220,46832.0,2010-12-01,"FORT WORTH, TX"
1221,41432.0,2010-12-01,"FORT WORTH, TX"
1222,25232.0,2010-12-01,"FORT WORTH, TX"
1223,53132.0,2010-11-17,"PELZER, SC"
1224,66632.0,2010-11-17,"PELZER, SC"
1225,63032.0,2010-11-17,"PELZER, SC"
1226,48632.0,2010-11-17,"PELZER, SC"
1227,29676.2,2012-10-30,"CALGARY, AB"
1228,49532.0,2012-01-27,"LAS VEGAS, NV"
1229,34232.0,2012-01-27,"LAS VEGAS, NV"
1230,36032.0,2012-01-27,"LAS VEGAS, NV"
1231,36032.0,2012-01-27,"LAS VEGAS, NV"
1232,12182.0,2012-11-01,"LONOKE, AR"
1233,32432.0,2012-11-01,"LONOKE, AR"
1234,23432.0,2010-02-04,"LITTLE ROCK, AR"
1235,25232.0,2016-04-20,"HOUSTON, TX"
1236,12632.0,2016-04-20,"HOUSTON, TX"
1237,27932.0,2016-06-14,"SACRAMENTO, CA"
1238,15332.0,2016-07-20,"FORT WORTH, TX"
1239,85532.0,2011-01-20,"ROMULUS, MI"
1240,25232.0,2011-01-13,"PLEASANTON, CA"
1241,37832.0,2011-01-20,"ROMULUS, MI"
1242,24332.0,2011-01-19,"LIVINGSTON, LA"
1243,85532.0,2011-01-20,"ROMULUS, MI"
1244,22532.0,2013-05-23,"SAN ANTONIO, TX"
1245,25232.0,2015-06-03,"EL PASO, TX"
1246,25232.0,2015-06-03,"EL PASO, TX"
1247,25232.0,2015-06-03,"EL PASO, TX"
1248,21632.0,2013-03-14,"HAZLEHURST, GA"
1249,28832.0,2010-07-14,"SACRAMENTO, CA"
1250,31532.0,2016-08-24,"HOUSTON, TX"
1251,24332.0,2012-09-18,"CHEHALIS, WA"
1252,21632.0,2012-09-19,"KANSAS CITY, MO"
1253,41432.0,2012-09-15,"PRINCETON, MN"
1254,25682.0,2012-09-15,"PRINCETON, MN"
1255,52232.0,2015-12-07,"SALT LAKE CITY, UT"
1256,33332.0,2013-03-27,"PHILADELPHIA, MS"
1257,27032.0,2013-03-28,"ATLANTA, GA"
1258,41432.0,2013-04-09,"RALEIGH-DURHAM, NC"
1259,31532.0,2016-04-13,"LONOKE, AR"
1260,22082.0,2016-04-13,"LONOKE, AR"
1261,30632.0,2014-10-30,"LONOKE, AR"
1262,19832.0,2012-12-06,"COLUMBUS, OH"
1263,20732.0,2012-05-08,"FORT WORTH, TX"
1264,18032.0,2012-05-18,"KISSIMMEE, FL"
1265,14432.0,2012-05-23,"LIVINGSTON, LA"
1266,30632.0,2012-05-23,"LIVINGSTON, LA"
1267,37832.0,2012-06-12,"HOUSTON, TX"
1268,34232.0,2012-06-12,"HOUSTON, TX"
1269,31532.0,2012-06-12,"HOUSTON, TX"
1270,27032.0,2012-06-12,"HOUSTON, TX"
1271,31532.0,2012-06-12,"HOUSTON, TX"
1272,27932.0,2012-06-12,"HOUSTON, TX"
1273,34232.0,2012-06-12,"HOUSTON, TX"
1274,27032.0,2012-06-12,"HOUSTON, TX"
1275,23432.0,2012-06-12,"HOUSTON, TX"
1276,36032.0,2012-06-12,"HOUSTON, TX"
1277,23432.0,2012-06-12,"HOUSTON, TX"
1278,24332.0,2012-06-12,"HOUSTON, TX"
1279,23432.0,2012-06-12,"HOUSTON, TX"
1280,25232.0,2012-02-09,"HAZLEHURST, GA"
1281,106232.0,2008-09-24,"PELZER, SC"
1282,12632.0,2013-01-10,"PLEASANTON, CA"
1283,17132.0,2013-01-10,"PLEASANTON, CA"
1284,20732.0,2013-01-10,"PLEASANTON, CA"
1285,43232.0,2012-03-01,"PLEASANTON, CA"
1286,67532.0,2012-03-02,"LOS ANGELES, CA"
1287,67532.0,2012-03-02,"LOS ANGELES, CA"
1288,46832.0,2012-03-14,"MONTGOMERY, AL"
1289,52232.0,2012-03-28,"PHILADELPHIA, MS"
1290,28832.0,2012-03-28,"PHILADELPHIA, MS"
1291,19832.0,2012-03-28,"PHILADELPHIA, MS"
1292,27032.0,2012-03-02,"LOS ANGELES, CA"
1293,66632.0,2012-03-08,"FORT WORTH, TX"
1294,36032.0,2012-03-08,"FORT WORTH, TX"
1295,55832.0,2012-03-08,"FORT WORTH, TX"
1296,24332.0,2013-09-12,"COLUMBUS, OH"
1297,12632.0,2013-09-27,"MINNEAPOLIS, MN"
1298,25232.0,2012-02-09,"HAZLEHURST, GA"
1299,25232.0,2012-02-24,"PHOENIX, AZ"
1300,30632.0,2012-02-24,"PHOENIX, AZ"
1301,31532.0,2012-02-24,"PHOENIX, AZ"
1302,10832.0,2013-09-27,"MINNEAPOLIS, MN"
1303,10832.0,2013-09-27,"MINNEAPOLIS, MN"
1304,11732.0,2013-09-27,"MINNEAPOLIS, MN"
